{
 "colliders": [
  {
   "origin": {
    "x": -1.329486608505249,
    "y": 6.692023277282715,
    "z": -4.461967945098877
   },
   "rotation": {
    "x": -0.0,
    "y": 0.0,
    "z": -0.0
   },
   "dimensions": {
    "width": 2.0000009536743164,
    "depth": 2.0000009536743164,
    "height": 2.0
   }
  }
 ]
}
